{
    "addrStr": "SLUbVTHtoSJgiLFYyKrmEqV2s4wsvDZ3HM9f",
    "balance": 1431.21317788,
    "balanceSat": 143121317788,
    "totalReceived": 4250965.9779808,
    "totalReceivedSat": 425096597798080,
    "totalSent": 4249534.76480292,
    "totalSentSat": 424953476480292,
    "unconfirmedBalance": 0,
    "unconfirmedBalanceSat": 0,
    "unconfirmedTxApperances": 0,
    "txApperances": 862,
    "transactions": [
        "f1cb6d126fab4ff2b54b3ce8d3b5501eaf37b53dde41194195c2a75df1fca379",
        "708b372e15cb2671d40de5a4e3d6f9044ef7795898dec94520fda87f3b6ce7cb",
        "8b6a2429ce8e6ac873efaa80ef668ce6ffd86a49ba6196d737b943c3daf1c650",
        "c5e3c8d783efcb6f5f7c76987fa188c77a556f4e43439586b2c0f9fc7db3ca52",
        "5f55ff59a12100d543e420703222ae58925fd8d92ce71bcaf2326c21d13e2d7e",
        "a3d08155b5277aa61fd12ec3d43732b67697b852bf1cb64efbb6738e9251304f",
        "d83b9aa2fd96bbf33fd121acf58c22948e5988c3a8a7650b7347d0313665337d",
        "a9cd1fe6a3430ae728e554560550a7625157217d148024339899e5e50de32db6",
        "16bf86c19109dc6c10251741102f020a7c05dcf78487649b0cdb71ac47b38ef5",
        "044ede880b6a8cd78b2c32757883249c05fb2d829255ca0daa84fb57ef9f0e93",
        "1c4f68c4d50fdedd87fb856afddbd51d42b4d3ea5faa515010f9413e48aca573",
        "86f609f3ff6c80c17ac66381c6c9868e79bf4a627f7d5a21d6eb18aae6c39d92",
        "242a0cf226a5292e4369202732e6031f8fd5013b70ad87f4fe848f32e76d0445",
        "186a14d20a4fb555ef24a887bb5aa4125f8df0b86104d6af8d5c861473ddde29",
        "9facb8567633d926d5ec84743c2dbfbcf5eccc0ebd3e2c9b062eed13653d3bbc",
        "0e76fdea82a59630f05a98a7a6cb882f6ab9e035a0ce8b2d4184edc4ded9ad60",
        "be2be7aa2827a0eb1ae3e3c814d3fff8b75ed38530772a1e92c7aba1d558c3d0",
        "7f52634b582325923e217a0da752f83fe0c672c1a8917bf992464ea5751fac7f",
        "c85b4b165e01270d44b9ce44a6103df361dc15140672e0502f2ca4e26ac1fd2e",
        "3d087319b8d94c8e4a69c5733fa40c44639bea416c4d7b792fd1bafff38c3da4",
        "3a6560424cee5376c30d77d0c1be3b4e14e07eba3655c32899d8f70546c8e90a",
        "fe1bcbd3e5e7cc1b303b104175fb3aeb3694e6375517b7e6808088565ef3a79a",
        "a2ef41b636c626f88cbd89d8322827a7a85f8ebfaa4468064caf7309e255670b",
        "03ab2e1c04fce1c11b9f65dab7111b0c06dbca154e624773c73070bcdcc6b971",
        "9de88dfe1746345c703c6ff18f8b0e95ffc5fc0e71317c71aa9d75db122b6e0c",
        "a166f764aa92170c00ac21fbf6337ac6abdecb7ec1c5a8629ae99161ac681c7d",
        "75916171525cf7d072dcbe8b2bf9b2f7a44c8cd58a525f0115aa9c312cd576f6",
        "139342373b6198a582c9cd3cb2dcb72c7eaf1f554fc556ebab5984a0808ca8ae",
        "1de41a3247dcaea8f247da889bdcebb6685b9ac81433c512248964c779c47c84",
        "7d5b6269813d22e1c5dc68e670864d0a693d2c2bf5ee182597b83862c1cc799c",
        "fa1f9aa944e492744bb142d2e4da6c592469484395b5514ccdfa3ab34748991d",
        "0cfabef225afa68d7028f681d1ed9ca2db15059fb7c7204e72859f5f51bd4c9b",
        "b012ee0874424ddbede881c8152954db095e9a9b4c1370aa70e91bfcde72fc2e",
        "8a15295524c4c16ad7418c3123e9b5f28c604584de464426715b0b841b29406f",
        "2cf23cd8cf34251d40f6efc58c350ecb9e554ad84035d444cdc8b1fc2e466e57",
        "e57ba89c51e8c1206950d4d10d968664f8a339fd3ea181d3fec64c4afa8bb18c",
        "54a559081742241ff107c3e4bf133ec9e72742405c59542ed85f40a7bd95c973",
        "115aec2365dfced02c59510deb63351141320f88cb8a42e7b2dba5c2f82f7205",
        "873bc9d0a3eea27d3281f06974e4d2370434c6da483e30f8db5aa4d0f930ae67",
        "6985618cd163218872366c77025aaf5ddbf0e554d76566c201e8bb0352f20154",
        "ae13da9e2e98bcfcc7c7bf240674842ffad1e4bef1b4c3e89274efbaec4be135",
        "a9f1daf94f7adf25e10ea4eb8e4213d201ca8027b621bb6efe51e0004c7b6023",
        "692147c886fbc7f675be326a03103c09ff182d7638808c308b3d5875d7953495",
        "e390b0dbca5269fb3ca3561510a4d566e2b9b952fa22b38957a669c23dc1735a",
        "33ca8c9b385105416d929e232ac4085b91182b746cad6636ceaaad119ed3a4a7",
        "5187a62ef1f840a189bcc97cc5bb1ab977288e75e42f6134285cae23945c4b3c",
        "a2573c34bcae9d6b4c3a8c7f3089fbe441f5647abc2d224060687f0fe46040e9",
        "abc4aec7475f30010184a635ae39214ce7a7aa4a17aa82de920b80e4cdc63b98",
        "a2ddae8547e1f6f2da95219561f52bdc8b5c5547250f7c2626f718a23c5734d5",
        "101a53fb9ddc7c236851d88c6238d8a0ec0ed365933a4059298006c5ebf1f4dc",
        "8e2e2dcefc3b772eff4c279f6246a5b0556933826fbaa1bfd2a82cc791a402da",
        "49c350a5f6ee4fb99bc240bfecd43317ceb36274bec6ed3a51e34de68ed30b4d",
        "24ac740585f920c6071fe766a947e4c3431da6f0a82348467e8dfe3314d7b7ad",
        "64523e13c33fcb0a5c5779c16a92e0c848061f96baf3d235cacaeb51950ce5c4",
        "2c0911026e45bcd6fbb07229c735d9c75103cc5595d8ca2a483e12dc8d53e9a3",
        "4f6b65348f259382364f1e4345532fc045657e92c4ae76a0071fc7cef4bd25e2",
        "26f0309f4220088b3d742c735c541f9095b0093fb110d9a593c94dd32a022866",
        "96862161d837e2a7351b4ea9a9e7247673531fd21ca1722220245f2ac52cb311",
        "2a798347028bfdfd0dcf26eaba4551a615512685dc765e15bcadd99b8ba71809",
        "9328ec8929333dc67bd096050a0e17ec3403a97ae1e00d1ddf453c9562f8f1a4",
        "4cf762491c1f739dbab3c5c9ddda34dd0f0974e3ab1e96a8f83e23893a292501",
        "3d02f4a59239d3ef9e6d9e2bcf89dbebfa3f56c270657f42b5676595f759ef5d",
        "f19c88d767240647d7c8d7e2a2b675b3441a128537ec6f7d91da86a5e2468ba1",
        "5fc73fbd0e5f8fc270491340ff5e136d8935df918165156543fb0bfa70e120d5",
        "7186a3d4770ea5e77e20141b0f59ee59d8bd973504ca8d209b6755493f82b017",
        "f5284ecef61def26a13c7d712c3de703d73faa978291de91609f4a38cf981c0e",
        "00345bc995f3229bfab06d060f6155cfb34656c87e8e4949f32b71f3b29afa05",
        "71a60e75caed19c064993427df66969ca52125ba1b35377ce538dffcff0a5cf8",
        "c1131bb1d009f6d30f6cf86e2a6a6c4ed643135bd65e756e907bbb2b3c3a3449",
        "93f0ef8a12fb1e38f88432230f3b6e3fe4f871161308e99b5c6fcdf38fd66636",
        "72f027dc5b886b643c841b5ef423e063f59372d55be27bc54bea14de69a0ec25",
        "ab4c9139777d05a34fa4099bf315cccf2d3255cdbb796e3a135126ba895a2fae",
        "67ae942d5bea76a280fed06a717c0173bf2c293ed98de3ad7a2fbecfe0e6baf2",
        "80b48e8b0beea409969497a9d4278b3853eb0fad229c01f01ac7ddf1eec5b8d9",
        "0de011a852e589300db4d2b421d81028cdcd318bf58729f353e2e59edfc8cc13",
        "b20acc740001917eaf6cd137763312a5b88d4d8a324f6b26aa9403dc6be9016e",
        "06d79ab35375fe1d45fa46339906c4c2a1c2297659ab18ca668688746293f368",
        "f2ec1c9607a8b5a18ededdf52e6e3f140230e4d0d57b94444a7dd0cd3268a15f",
        "f144753a424fb77d6870b2345b5da12563071c3c51b7e96906c4422648503992",
        "4f8fa7a26970f7b2cd9e216e33daf434a9fba14bc9f74b2fd1b85e185c04f3d8",
        "3402cd9f1d8269e7e927716a89766a7dd0215ba0693a7f95630c761bc5d3f85c",
        "95ded9e1528b599fe27ed9896fbdfa3db4e6862089c9951573ccc3aa9cfc6924",
        "965c83402b891394e57de02c0c4dcd1d1d43aac791c8fd797c5d729f2efb94f9",
        "28cf8fbd2c69276c6c290207d26f61e95dccaf8281a2dbc8b3322d5db97f23cd",
        "7cb60451f5d91b2c1e59d75651cc974c7fdbcd6bb3bffd7d824e6f330b5c8e32",
        "bc5b32fe35def11fdc33aac79509249d5908639cca99586b36aab4ee225a6be7",
        "2cf38ac5065dbfcbb5ce41f4c4ba1610c168ede2b4ba098c17f9e626f85a89ff",
        "b3c9184c1e09ac5f21b977e1645373c1a25bc7aaf88647a36e36b7826025538f",
        "13438ba4905c3e2aee5974139de5298883ae4ff0133c20876f2168c897a87177",
        "7b6a876c41680c9957093fe6b50ef138b093aff51f7fad1c935d35d77c7282f7",
        "2741d11d6ffbf0c130b29d5d8ddef2d9cc0aba0331753eb0151fce50def602c1",
        "644832358bef84b12a4808c8ba7e93f03a15c3078b8967afbc2e4ee946080eec",
        "a98fdbd32d46f77d6ab264ead7a18929c5438b074e9a142d83ef3be4a66d8eb3",
        "89c0c20581c7ad97ed6d9c32507c2feb1d2b0e9215ac9bd7baa4427d12e88005",
        "7a877da6c33f9cb25be295e558919a317f988477cf94331b2dcc00a46e531a31",
        "d4ccff38153ef6ef6a85087b2a47a3dbe5ab55270b23ff61bd547e3a04d20eb3",
        "ddd5222f12a15c926ddafc5d33bab26b8841ee4b95179c4d261043b079795fdb",
        "71a15b9797bd78ddaf7a44b8bf9eba4bf2de0348a22a6e2d1edb85736096b229",
        "346af12e5653ce4e000fe424fbc1f2350b66a1b992d75c773e1affbc553c4f84",
